strain	strain_name	date	country	host	subtype
EF582385	024	2022-02-01	Hong Kong	None	4
JF781509	HRV-C04_p1094_sR557_2008	2008-05-04	USA	Homo sapiens	None
JN798566	HRV-C49_p1277_s6237_2000	2000-06-16	USA	Homo sapiens	None
JN798568	HRV-C49_p1082_s6463_2000	2000-03-14	USA	Homo sapiens	None
JF907574	HRV-C49_p1102_sR889_2008	2008-09-27	USA	Homo sapiens	None
LC720414	None	2021-XX-XX	Japan	Homo sapiens	6
MZ460694	RvC6/USA/2021/LCP8K8	2021-XX-XX	USA	Homo sapiens	6
MN306023	SC0323	2019-XX-XX	USA	Homo sapiens	None
KF734978	None	2010-10-20	Malaysia	Homo sapiens; sex: male	None
EF582387	026	2022-02-01	Hong Kong	None	6
JN990702	HRV-C06_p1031_sR2724_2009	2009-XX-XX	USA	Homo sapiens	None
JF317016	None	2008-10-XX	China	Homo sapiens	None
JN815245	HRV-C06_p1264_s3778_1999	1999-12-11	USA	Homo sapiens	None
LC699425	None	2018-XX-XX	Japan	Homo sapiens	3
OM001455	RvC3/USA/2021/U9JKY7	2021-XX-XX	USA	Homo sapiens	3
OK181493	RvC3/USA/2021/QYZBU2	2021-XX-XX	USA	Homo sapiens	3
OK017949	RvC3/USA/2021/PE4F23	2021-XX-XX	USA	Homo sapiens	3
MZ268677	RvC3/USA/2021/163432	2021-XX-XX	USA	Homo sapiens	3
MZ268693	None	2021-XX-XX	USA	Homo sapiens	3
MW969525	RvC3/USA/2021/70156	2021-XX-XX	USA	Homo sapiens	3
MZ268711	RvC3/USA/2021/255245	2021-XX-XX	USA	Homo sapiens	3
MZ363436	RvC3/USA/2021/A9UTTC	2021-XX-XX	USA	Homo sapiens	3
MZ153269	RvC3/USA/2021/195842	2021-XX-XX	USA	Homo sapiens	3
MZ268688	None	2021-XX-XX	USA	Homo sapiens	3
MW969523	RvC3/USA/2021/69829	2021-XX-XX	USA	Homo sapiens	3
MZ153243	RvC3/USA/2021/ST6ND	2021-XX-XX	USA	Homo sapiens	3
OK161367	RvC3/USA/2021/2DEQES	2021-XX-XX	USA	Homo sapiens	3
OK161371	RvC3/USA/2021/5Q5AWX	2021-XX-XX	USA	Homo sapiens	3
OK161378	RvC3/USA/2021/96AGHN	2021-XX-XX	USA	Homo sapiens	3
MZ629115	RvC3/USA/2021/4JZLHM	2021-XX-XX	USA	Homo sapiens	3
MZ221154	RvC3/USA/2021/373796-4	2021-XX-XX	USA	Homo sapiens	3
MZ221146	RvC3/USA/2021/373293-4	2021-XX-XX	USA	Homo sapiens	3
MZ363444	RvC3/USA/2021/FUAK2P	2021-XX-XX	USA	Homo sapiens	3
MZ363453	RvC3/USA/2021/RC4APB	2021-XX-XX	USA	Homo sapiens	3
MZ153270	RvC3/USA/2021/195826	2021-XX-XX	USA	Homo sapiens	3
MZ153271	RvC3/USA/2021/195793	2021-XX-XX	USA	Homo sapiens	3
MZ322929	RvC3/USA/2021/NH9ZWD	2021-XX-XX	USA	Homo sapiens	3
MZ153250	RvC3/USA/2021/EY2M6	2021-XX-XX	USA	Homo sapiens	3
MZ268652	None	2021-XX-XX	USA	Homo sapiens	3
MZ153256	RvC3/USA/2021/56015	2021-XX-XX	USA	Homo sapiens	3
MZ460687	RvC3/USA/2021/FNEVNZ	2021-XX-XX	USA	Homo sapiens	3
MZ268662	RvC3/USA/2021/AKGDSB	2021-XX-XX	USA	Homo sapiens	3
MZ427505	RvC3/USA/2021/TQBKLQ	2021-XX-XX	USA	Homo sapiens	3
MZ460691	RvC3/USA/2021/KQW8TP	2021-XX-XX	USA	Homo sapiens	3
MZ268717	RvC3/USA/2021/412120	2021-XX-XX	USA	Homo sapiens	3
MZ268691	None	2021-XX-XX	USA	Homo sapiens	3
MW969524	RvC3/USA/2021/70093	2021-XX-XX	USA	Homo sapiens	3
OL961537	RvC3/USA/2021/PTDPQ7	2021-XX-XX	USA	Homo sapiens	3
OK017931	RvC3/USA/2021/E6M6C4	2021-XX-XX	USA	Homo sapiens	3
MN228693	USA/2019/CA-RGDS-1060	2019-02-03	USA	Homo sapiens	3
KY460513	None	2009-12-29	Taiwan	Homo sapiens	3
JN990700	HRV-C03_p1139_sR1051_2009	2009-XX-XX	USA	Homo sapiens	None
JN798567	HRV-C03_p1280_s6359_1999	1999-07-06	USA	Homo sapiens	None
EF186077	HRV-QPM	2013-01-23	Australia	None	3
ON311179	C1_2	2021-01-29	USA	Homo sapiens	1
ON311180	C1_1	2020-11-28	USA	Homo sapiens	1
MW969527	RvC1/USA/2021/69719	2021-XX-XX	USA	Homo sapiens	1
OK017918	RvC1/USA/2021/82JMKJ	2021-XX-XX	USA	Homo sapiens	1
MZ322915	RvC1/USA/2021/8HV75D	2021-XX-XX	USA	Homo sapiens	1
MZ268720	RvC1/USA/2021/412768	2021-XX-XX	USA	Homo sapiens	1
NC_038878	None	2001-11-15	None	None	None
EF077279	None	2001-11-15	None	None	1
HQ123443	CU184	2006-09-04	Thailand	Homo sapiens	None
OM001354	RvC1/USA/2021/TT6ABD	2021-XX-XX	USA	Homo sapiens	1
OK254829	RvC1/USA/2021/5BUGGW	2021-XX-XX	USA	Homo sapiens	1
OM001407	RvC1/USA/2021/9HZPGH	2021-XX-XX	USA	Homo sapiens	1
MZ670576	RvC1/USA/2021/8TWEKH	2021-XX-XX	USA	Homo sapiens	1
OL133760	RvC1/USA/2021/VJGVAT	2021-XX-XX	USA	Homo sapiens	1
MZ268706	RvC1/USA/2021/8QSTY6	2021-XX-XX	USA	Homo sapiens	1
MZ363446	RvC1/USA/2021/KFXQUF	2021-XX-XX	USA	Homo sapiens	1
OK539509	RvC1/USA/2021/WMDSED	2021-XX-XX	USA	Homo sapiens	1
KP890662	None	2010-10-23	Malaysia	Homo sapiens; sex: female	None
GQ323774	HRV-QCE	2003-XX-XX	Australia	Homo sapiens	None
ON311155	C43_3	2021-03-08	USA	Homo sapiens	43
ON311156	C43_2	2020-08-10	USA	Homo sapiens	43
ON311280	C43_1	2020-07-31	USA	Homo sapiens	43
OK161404	RvC43/USA/2021/WYX8S9	2021-XX-XX	USA	Homo sapiens	43
MZ363437	RvC43/USA/2021/AXWQE9	2021-XX-XX	USA	Homo sapiens	43
OK649386	RvC43/USA/2021/DXYK42	2021-XX-XX	USA	Homo sapiens	43
KY369878	SC174	2016-XX-XX	USA	Homo sapiens	43
JX074056	HRV-C43_p1154_sR1124_2009	2009-XX-XX	USA	Homo sapiens	None
MZ629145	RvC43/USA/2021/K2GPNX	2021-XX-XX	USA	Homo sapiens	43
JN815249	HRV-C43_p1281_s6410_1999	1999-11-19	USA	Homo sapiens	None
JN837687	HRV-C43_p1075_s3911_2000	2000-10-02	USA	Homo sapiens	None
MK989757	20692_95_HRV-C	2015-07-25	Kenya	Homo sapiens	None
OM001408	RvC7/USA/2021/9YB5N5	2021-XX-XX	USA	Homo sapiens	7
OM001451	RvC7/USA/2021/TEZYBU	2021-XX-XX	USA	Homo sapiens	7
OK254850	RvC7/USA/2021/CA3GSG	2021-XX-XX	USA	Homo sapiens	7
OM001438	RvC7/USA/2021/LQUYNG	2021-XX-XX	USA	Homo sapiens	7
OK181501	RvC7/USA/2021/WUFYKZ	2021-XX-XX	USA	Homo sapiens	7
JN798570	HRV-C07_p1028_sR3259_2010	2010-03-05	USA	Homo sapiens	None
JX025556	HRV-C07_p1008_sR2525_2009	2009-XX-XX	USA	Homo sapiens	None
JN798559	HRV-C07_p1008_sR2528_2009	2009-04-25	USA	Homo sapiens	None
JN837689	HRV-C07_p1064_sR982_2009_g1	2009-04-25	USA	Homo sapiens	None
DQ875932	NY-074	2022-02-01	USA	None	7
MK989751	20692_39_HRV-C	2015-11-09	Kenya	Homo sapiens	None
KJ675507	None	2010-11-07	Malaysia	Homo sapiens; sex: female	None
JN621242	HRV-C22_p1268_s3839_1999	1999-10-26	USA	Homo sapiens	None
MK520815	USA/CA/RGDS-2016-1008	2016-10-XX	USA	Homo sapiens	32
KY348786	SCH-120	2016-XX-XX	USA	Homo sapiens	None
JQ994498	HRV-C32_p1086_sR458_2007	2007-XX-XX	USA	Homo sapiens	None
JN798581	HRV-C32_p1167_sR2910_2008	2008-09-14	USA	Homo sapiens	None
JN205461	WA823M02	2002-XX-XX	Australia	Homo sapiens	None
ON311175	C13_3	2021-02-06	USA	Homo sapiens	13
ON311176	C13_2	2021-01-29	USA	Homo sapiens	13
ON311177	C13_1	2021-01-28	USA	Homo sapiens	13
OL961524	RvC13/USA/2021/CKHXZD	2021-XX-XX	USA	Homo sapiens	13
MZ540944	RvC13/USA/2021/CKHXZ	2021-XX-XX	USA	Homo sapiens	13
MZ363449	RvC13/USA/2021/QPFHY	2021-XX-XX	USA	Homo sapiens	13
OL961531	RvC13/USA/2021/LATCKD	2021-XX-XX	USA	Homo sapiens	13
MZ268695	None	2021-XX-XX	USA	Homo sapiens	None
MW969536	RvC13/USA/2021/71206	2021-XX-XX	USA	Homo sapiens	13
MZ153286	RvC13/USA/2021/274108-4	2021-XX-XX	USA	Homo sapiens	13
MZ268675	RvC13/USA/2021/XWA2R	2021-XX-XX	USA	Homo sapiens	13
ON729340	SC9730	2017-XX-XX	USA	Homo sapiens	56
ON311150	C56_1	2020-09-21	USA	Homo sapiens	56
MZ268682	None	2021-XX-XX	USA	Homo sapiens	None
MW802583	RvC56/USA/2021/69444	2021-XX-XX	USA	Homo sapiens	56
MZ363435	RvC56/USA/2021/466519	2021-XX-XX	USA	Homo sapiens	56
MZ268726	RvC56/USA/2021/466615	2021-XX-XX	USA	Homo sapiens	56
MZ363428	RvC56/USA/2021/367598	2021-XX-XX	USA	Homo sapiens	56
MZ322916	RvC56/USA/2021/9CDWUK	2021-XX-XX	USA	Homo sapiens	56
MW969528	RvC56/USA/2021/69486	2021-XX-XX	USA	Homo sapiens	56
MZ363467	RvC56/USA/2021/Y43KYC	2021-XX-XX	USA	Homo sapiens	56
MN163128	HRVC56/02/ZJ/CHN/2017	2017-03-29	China	Homo sapiens	56
MG950178	USA/2016/CA-RGDS-1002	2016-XX-XX	USA	Homo sapiens	56
MG950179	USA/2017/CA-RGDS-1003	2017-XX-XX	USA	Homo sapiens	56
MW679009	None	2020-03-16	USA	Homo sapiens	None
MZ268729	RvC56/USA/2021/E5AKW2	2021-XX-XX	USA	Homo sapiens	56
MZ153279	RvC56/USA/2021/367987-4	2021-XX-XX	USA	Homo sapiens	56
MZ629123	RvC56/USA/2021/6LBP22	2021-XX-XX	USA	Homo sapiens	56
MZ268724	RvC56/USA/2021/465986	2021-XX-XX	USA	Homo sapiens	56
MW969529	RvC56/USA/2021/60602	2021-XX-XX	USA	Homo sapiens	56
LC428177	C18-NIID JPN-2014	2014-03-05	Japan	Homo sapiens	None
ON311163	C28_1	2021-03-22	USA	Homo sapiens	28
OK017915	RvC28/USA/2021/9FY4XM	2021-XX-XX	USA	Homo sapiens	28
MZ447875	BAL11A	2019-XX-XX	USA	Homo sapiens	None
JN798569	HRV-C28_p1269_s3885_2000	2000-03-08	USA	Homo sapiens	None
ON311178	C8_1	2021-01-25	USA	Homo sapiens	8
MZ268648	RvC8/USA/2021/7N6PM0	2021-XX-XX	USA	Homo sapiens	8
MZ363442	RvC8/USA/2021/DKCHNT	2021-XX-XX	USA	Homo sapiens	8
MZ363454	RvC8/USA/2021/S6CDPZ	2021-XX-XX	USA	Homo sapiens	8
KY189316	SCH-104	2016-XX-XX	USA	Homo sapiens	None
GQ223227	None	2006-12-07	China	Homo sapiens	8
OL365068	RvC8/USA/2021/MYREPR2	2021-XX-XX	USA	Homo sapiens	8
OK181487	RvC8/USA/2021/MYREPR	2021-XX-XX	USA	Homo sapiens	8
MZ268656	RvC8/USA/2021/278484	2021-XX-XX	USA	Homo sapiens	8
MZ153252	RvC8/USA/2021/6SQ8E	2021-XX-XX	USA	Homo sapiens	8
KY189320	SCH-109	2016-XX-XX	USA	Homo sapiens	None
JQ245964	HRV-C08_p1211_sR3055_2009	2009-XX-XX	USA	Homo sapiens	None
OL638453	RvC31/USA/2021/SEA4HH	2021-XX-XX	USA	Homo sapiens	31
OK017909	RvC31/USA/2021/2CW83A	2021-XX-XX	USA	Homo sapiens	31
MZ153253	RvC31/USA/2021/B8JUE1	2021-XX-XX	USA	Homo sapiens	31
KY189319	SCH-108	2016-XX-XX	USA	Homo sapiens	None
OL638426	RvC42/USA/2021/D6RUSG	2021-XX-XX	USA	Homo sapiens	42
OK181499	RvC42/USA/2021/UUAFSF	2021-XX-XX	USA	Homo sapiens	42
MZ460686	RvC42/USA/2021/BZ2L22	2021-XX-XX	USA	Homo sapiens	42
MZ363413	RvC42/USA/2021/5E6LQM	2021-XX-XX	USA	Homo sapiens	42
OL133730	RvC42/USA/2021/6MWLZY	2021-XX-XX	USA	Homo sapiens	42
MZ460705	RvC42/USA/2021/TCES2G	2021-XX-XX	USA	Homo sapiens	42
MZ363432	RvC42/USA/2021/413233	2021-XX-XX	USA	Homo sapiens	42
MZ363440	RvC42/USA/2021/C8W8BF	2021-XX-XX	USA	Homo sapiens	42
MZ363448	RvC42/USA/2021/L9X8RZ	2021-XX-XX	USA	Homo sapiens	42
MZ363434	RvC42/USA/2021/414488	2021-XX-XX	USA	Homo sapiens	42
OK181472	RvC42/USA/2021/D7KU9F	2021-XX-XX	USA	Homo sapiens	42
MZ268657	RvC42/USA/2021/278730	2021-XX-XX	USA	Homo sapiens	42
OK649363	RvC42/USA/2021/3MB4H3	2021-XX-XX	USA	Homo sapiens	42
MZ268647	RvC42/USA/2021/7CST74	2021-XX-XX	USA	Homo sapiens	42
MZ268709	RvC42/USA/2021/044858	2021-XX-XX	USA	Homo sapiens	42
MZ835616	RvC42/USA/2021/XY4C8S	2021-XX-XX	USA	Homo sapiens	42
MZ268666	None	2021-XX-XX	USA	Homo sapiens	None
MZ153246	RvC42/USA/2021/YGHJB	2021-XX-XX	USA	Homo sapiens	42
MH330336	NIV1722289	2013-02-01	India	Homo sapiens	None
MH752985	USA/CA/2016-23027	2016-01-26	USA	Homo sapiens	42
KJ675505	None	2010-11-19	Malaysia	Homo sapiens; sex: male	None
OL961535	RvC44/USA/2021/PBXE3T	2021-XX-XX	USA	Homo sapiens	44
OK017938	RvC44/USA/2021/J9YXQX	2021-XX-XX	USA	Homo sapiens	44
OL961544	RvC44/USA/2021/SFJ6NZ	2021-XX-XX	USA	Homo sapiens	44
MZ629168	RvC44/USA/2021/UFPUR4	2021-XX-XX	USA	Homo sapiens	44
MZ363456	RvC44/USA/2021/SQUPYT	2021-XX-XX	USA	Homo sapiens	44
MZ268650	RvC44/USA/2021/8DU56B	2021-XX-XX	USA	Homo sapiens	44
MZ268678	RvC44/USA/2021/163436	2021-XX-XX	USA	Homo sapiens	44
MZ363450	RvC44/USA/2021/QQUGQ5	2021-XX-XX	USA	Homo sapiens	44
MZ153259	RvC44/USA/2021/KNT548	2021-XX-XX	USA	Homo sapiens	44
OM001412	RvC44/USA/2021/86PLMK	2021-XX-XX	USA	Homo sapiens	44
MZ268708	RvC44/USA/2021/044640	2021-XX-XX	USA	Homo sapiens	44
MZ363445	RvC44/USA/2021/HWYGUE	2021-XX-XX	USA	Homo sapiens	44
KP890663	None	2010-10-20	Malaysia	Homo sapiens; sex: male	None
KP242035	None	2012-07-XX	Thailand	Homo sapiens	None
JF317017	None	2008-12-XX	China	Homo sapiens	None
ON311276	C17_1	2020-11-28	USA	Homo sapiens	17
MZ670590	RvC17/USA/2021/RAPS7Y	2021-XX-XX	USA	Homo sapiens	17
MZ363447	RvC17/USA/2021/KUC66R	2021-XX-XX	USA	Homo sapiens	17
MZ221153	RvC17/USA/2021/372634-4	2021-XX-XX	USA	Homo sapiens	17
MZ153281	RvC17/USA/2021/324382-4	2021-XX-XX	USA	Homo sapiens	17
MZ363451	RvC17/USA/2021/QWW85V	2021-XX-XX	USA	Homo sapiens	17
OL365070	RvC17/USA/2021/X2GEJC	2021-XX-XX	USA	Homo sapiens	17
MZ460682	RvC17/USA/2021/ALZEA6	2021-XX-XX	USA	Homo sapiens	17
MZ268739	RvC17/USA/2021/VA72NU	2021-XX-XX	USA	Homo sapiens	17
MZ460695	RvC17/USA/2021/LQHVSZ	2021-XX-XX	USA	Homo sapiens	17
MZ460700	RvC17/USA/2021/NXFMLG	2021-XX-XX	USA	Homo sapiens	17
MZ268731	RvC17/USA/2021/KG8UC2	2021-XX-XX	USA	Homo sapiens	17
MZ363464	RvC17/USA/2021/WJYURT	2021-XX-XX	USA	Homo sapiens	17
MZ268734	RvC17/USA/2021/PA4GYJ	2021-XX-XX	USA	Homo sapiens	17
MZ153258	RvC17/USA/2021/4GYJHF	2021-XX-XX	USA	Homo sapiens	17
MZ268699	RvC17/USA/2021/255977	2021-XX-XX	USA	Homo sapiens	17
OK017945	RvC17/USA/2021/NAJQX5	2021-XX-XX	USA	Homo sapiens	17
MZ268712	RvC17/USA/2021/278067	2021-XX-XX	USA	Homo sapiens	17
MZ460692	RvC17/USA/2021/KVLY8C	2021-XX-XX	USA	Homo sapiens	17
MZ363439	RvC17/USA/2021/BCNLYB	2021-XX-XX	USA	Homo sapiens	17
ON311277	C17_2	2020-12-03	USA	Homo sapiens	17
ON311279	C17_4	2020-12-14	USA	Homo sapiens	17
ON311278	C17_3	2020-12-11	USA	Homo sapiens	8
MZ268721	RvC17/USA/2021/413860	2021-XX-XX	USA	Homo sapiens	17
MZ153261	RvC17/USA/2021/301913	2021-XX-XX	USA	Homo sapiens	17
MZ363424	RvC17/USA/2021/256027	2021-XX-XX	USA	Homo sapiens	17
OK017955	RvC17/USA/2021/SELQEW	2021-XX-XX	USA	Homo sapiens	17
MZ629165	RvC17/USA/2021/T3RVH2	2021-XX-XX	USA	Homo sapiens	17
MZ363427	RvC17/USA/2021/301397	2021-XX-XX	USA	Homo sapiens	17
MZ268700	RvC17/USA/2021/303342	2021-XX-XX	USA	Homo sapiens	17
MZ268701	None	2021-XX-XX	USA	Homo sapiens	None
MW969526	RvC17/USA/2021/70961	2021-XX-XX	USA	Homo sapiens	17
MZ268698	RvC17/USA/2021/163780	2021-XX-XX	USA	Homo sapiens	17
MZ268736	RvC17/USA/2021/QTEY78	2021-XX-XX	USA	Homo sapiens	17
MZ460673	RvC17/USA/2021/3V8LMU	2021-XX-XX	USA	Homo sapiens	17
MZ268705	RvC17/USA/2021/7M3XTG	2021-XX-XX	USA	Homo sapiens	17
OK181457	RvC17/USA/2021/6KXCFQ	2021-XX-XX	USA	Homo sapiens	17
MZ629172	RvC17/USA/2021/WB6M3K	2021-XX-XX	USA	Homo sapiens	17
MZ629181	RvC17/USA/2021/YLEL8X	2021-XX-XX	USA	Homo sapiens	17
MZ268727	RvC17/USA/2021/ADYKUA	2021-XX-XX	USA	Homo sapiens	17
MZ268730	RvC17/USA/2021/J6TJX2	2021-XX-XX	USA	Homo sapiens	17
MZ153245	RvC17/USA/2021/RCC55	2021-XX-XX	USA	Homo sapiens	17
MZ460696	RvC17/USA/2021/LSW5PQ	2021-XX-XX	USA	Homo sapiens	17
MZ268704	RvC17/USA/2021/3QL9MK	2021-XX-XX	USA	Homo sapiens	17
MZ268728	RvC17/USA/2021/DWFRET	2021-XX-XX	USA	Homo sapiens	17
OL961526	RvC17/USA/2021/F439UE	2021-XX-XX	USA	Homo sapiens	17
MZ153277	RvC17/USA/2021/368038-4	2021-XX-XX	USA	Homo sapiens	17
MZ153278	RvC17/USA/2021/368020-4	2021-XX-XX	USA	Homo sapiens	17
OK161409	RvC17/USA/2021/2SH4TA	2021-XX-XX	USA	Homo sapiens	17
MZ667421	HRV/NW9	2019-XX-XX	USA	Homo sapiens	None
JN815240	HRV-C17_p1210_sR2132_2009	2009-03-10	USA	Homo sapiens	None
JN815244	HRV-C17_p1196_sR3009_2008	2008-09-13	USA	Homo sapiens	None
JQ837720	HRV-C17_p1192_sR2967_2009	2009-XX-XX	USA	Homo sapiens	None
LC720415	None	2021-XX-XX	Japan	Homo sapiens	55
OM001443	RvC55/USA/2021/P7JDPJ	2021-XX-XX	USA	Homo sapiens	55
MW969530	RvC55/USA/2021/70881	2021-XX-XX	USA	Homo sapiens	55
KX348031	None	2010-03-02	Kenya	Homo sapiens	None
JF436925	None	2013-11-21	Sweden	Homo sapiens	35
MN369031	SC9996	2018-XX-XX	USA	Homo sapiens	None
MF775365	USA/WI/2014-20992	2014-08-25	USA	Homo sapiens	None
KF688606	human/Australia/SG1/2008	2008-07-26	Australia	Homo sapiens	50
ON311151	C48_4	2020-04-22	USA	Homo sapiens	48
ON311153	C48_2	2020-04-10	USA	Homo sapiens	48
ON311152	C48_3	2020-04-13	USA	Homo sapiens	48
ON311154	C48_1	2020-04-02	USA	Homo sapiens	48
MW679007	None	2020-03-13	USA	Homo sapiens	None
ON311161	C33_1	2021-03-08	USA	Homo sapiens	33
OK017926	RvC33/USA/2021/CMMX48	2021-XX-XX	USA	Homo sapiens	33
OK017951	RvC33/USA/2021/Q88UTK	2021-XX-XX	USA	Homo sapiens	33
MZ670597	RvC33/USA/2021/U2X3AR	2021-XX-XX	USA	Homo sapiens	33
OM001346	RvC33/USA/2021/6N55CL	2021-XX-XX	USA	Homo sapiens	33
OK539499	RvC33/USA/2021/R37U6K	2021-XX-XX	USA	Homo sapiens	33
OK254823	RvC33/USA/2021/2APVU4	2021-XX-XX	USA	Homo sapiens	33
MH685707	None	2013-XX-XX	Uganda	Homo sapiens	None
ON311169	C15_6	2021-01-19	USA	Homo sapiens	15
ON311171	C15_4	2021-01-11	USA	Homo sapiens	15
ON311170	C15_5	2021-01-16	USA	Homo sapiens	15
ON311172	C15_3	2021-01-11	USA	Homo sapiens	15
ON311173	C15_2	2020-11-16	USA	Homo sapiens	15
MZ363420	RvC15/USA/2021/9VLHRN	2021-XX-XX	USA	Homo sapiens	15
MZ460704	RvC15/USA/2021/SUSM75	2021-XX-XX	USA	Homo sapiens	15
OL365066	RvC15/USA/2021/E3N3WF	2021-XX-XX	USA	Homo sapiens	15
OK161398	RvC15/USA/2021/T9G8TG	2021-XX-XX	USA	Homo sapiens	15
OL638409	RvC15/USA/2021/5MT6FT	2021-XX-XX	USA	Homo sapiens	15
OK649416	RvC15/USA/2021/TQ6J3E	2021-XX-XX	USA	Homo sapiens	15
MZ322921	RvC15/USA/2021/C6GXG6	2021-XX-XX	USA	Homo sapiens	15
MZ153251	RvC15/USA/2021/PQTH9	2021-XX-XX	USA	Homo sapiens	15
MZ153254	RvC15/USA/2021/2XWQD	2021-XX-XX	USA	Homo sapiens	15
MG881840	HRV/C/BuenosAires/Arg/001/2017	2015-03-06	Argentina	Homo sapiens	15
KY348864	None	2009-XX-XX	Switzerland	Homo sapiens	None
GU219984	HRV-C15	2007-04-04	USA	Homo sapiens	15
ON311174	C15_1	2020-04-10	USA	Homo sapiens	15
OL638433	RvC15/USA/2021/GNFRBU	2021-XX-XX	USA	Homo sapiens	15
MZ460675	RvC15/USA/2021/7LX7P3	2021-XX-XX	USA	Homo sapiens	15
MZ363414	RvC15/USA/2021/5JWXTT	2021-XX-XX	USA	Homo sapiens	15
OK017942	RvC15/USA/2021/MMYYYH	2021-XX-XX	USA	Homo sapiens	15
MZ540947	RvC15/USA/2021/PSC9G8	2021-XX-XX	USA	Homo sapiens	15
MZ460707	RvC15/USA/2021/VCPFJV	2021-XX-XX	USA	Homo sapiens	15
MZ427501	RvC15/USA/2021/G79LPJ	2021-XX-XX	USA	Homo sapiens	15
MN369033	SC9941	2018-XX-XX	USA	Homo sapiens	None
MN306026	SC0364	2019-XX-XX	USA	Homo sapiens	None
MN306035	SC0645	2019-XX-XX	USA	Homo sapiens	None
JF317014	None	2008-12-XX	China	Homo sapiens	None
JN837688	HRV-C15_p1259_s2935_1999	1999-12-11	USA	Homo sapiens	None
MH685695	None	2013-XX-XX	Uganda	Homo sapiens	None
JF317015	None	2007-12-XX	China	Homo sapiens	51
JX291115	None	2010-11-06	USA	None	None
MH685697	None	2013-XX-XX	Uganda	Homo sapiens	None
KP890664	None	2011-05-09	Malaysia	Homo sapiens; sex: female	None
JX193796	HRV-C26_p1052_s3034_2000	2000-XX-XX	USA	Homo sapiens	None
MZ540948	RvC23/USA/2021/ULVLFU	2021-XX-XX	USA	Homo sapiens	23
MZ268655	RvC23/USA/2021/278446	2021-XX-XX	USA	Homo sapiens	23
KJ675506	None	2010-11-10	Malaysia	Homo sapiens; sex: male	None
MK989750	20692_31_HRV-C	2015-02-01	Kenya	Homo sapiens	None
MK279354	USA/CA/2016-RGDS-1006	2016-10-27	USA	Homo sapiens	41
KY189321	SCH-110	2016-XX-XX	USA	Homo sapiens	None
MK989760	20692_51_HRV-C	2015-01-29	Kenya	Homo sapiens	None
KF958311	None	2000-02-10	USA	Homo sapiens	None
MN369030	SC9810	2018-XX-XX	USA	Homo sapiens	None
JF317013	None	2007-02-XX	China	Homo sapiens	None
JN837685	HRV-C25_p1013_s2893_1999	1999-10-29	USA	Homo sapiens	None
HQ123440	CU072	2006-07-03	Thailand	Homo sapiens	None
MG148341	None	2015-03-30	USA	None	None
OK254858	RvC40/USA/2021/H5MAL6	2021-XX-XX	USA	Homo sapiens	40
MZ268694	None	2021-XX-XX	USA	Homo sapiens	40
MW969535	RvC40/USA/2021/70389	2021-XX-XX	USA	Homo sapiens	40
MZ363459	RvC40/USA/2021/TWY2QQ	2021-XX-XX	USA	Homo sapiens	40
JN815251	HRV-C40_p1221_sR1448_2009	2009-04-09	USA	Homo sapiens	None
JQ245963	HRV-C40_p1009_s3787_1999	1999-XX-XX	USA	Homo sapiens	None
JF781505	HRV-C40_p033_s2870_1999	2017-01-25	USA	Homo sapiens	None
OK161364	RvC2/USA/2021/UUHCGX	2021-XX-XX	USA	Homo sapiens	2
MZ835576	RvC2/USA/2021/GMX96J	2021-XX-XX	USA	Homo sapiens	2
MK989752	20692_81_HRV-C	2015-04-17	Kenya	Homo sapiens	None
MK989755	20692_90_HRV-C	2015-04-08	Kenya	Homo sapiens	None
KY369881	SC9735	2016-XX-XX	USA	Homo sapiens	2
KF958310	None	1999-12-10	USA	Homo sapiens	None
JN815248	HRV-C02_p1262_s3454_2000	2000-09-16	USA	Homo sapiens	None
JN990703	HRV-C02_p1278_s6331_1999	1999-XX-XX	USA	Homo sapiens	None
JX025557	HRV-C02_p1104_s2978_2000	2000-XX-XX	USA	Homo sapiens	None
EF077280	None	2003-05-12	None	None	2
JN837695	HRV-C02_p1163_sR2897_2009_g1	2009-04-26	USA	Homo sapiens	None
JQ245968	HRV-C02_p1264_s3775_1999	1999-XX-XX	USA	Homo sapiens	None
MF806525	None	2017-01-31	USA	Homo sapiens	47
ON311157	C36_4	2021-05-19	USA	Homo sapiens	36
MZ670596	RvC36/USA/2021/YW8JLC	2021-XX-XX	USA	Homo sapiens	36
OK017957	RvC36/USA/2021/SR8BMV	2021-XX-XX	USA	Homo sapiens	36
MZ221147	RvC36/USA/2021/373119-4	2021-XX-XX	USA	Homo sapiens	36
OM001437	RvC36/USA/2021/L4RCSQ	2021-XX-XX	USA	Homo sapiens	36
OK254856	RvC36/USA/2021/FVW3YC	2021-XX-XX	USA	Homo sapiens	36
OK017953	RvC36/USA/2021/QSP2V8	2021-XX-XX	USA	Homo sapiens	36
MZ629109	RvC36/USA/2021/PEXCU4	2021-XX-XX	USA	Homo sapiens	36
MZ629160	RvC36/USA/2021/R7HPRS	2021-XX-XX	USA	Homo sapiens	36
MZ835600	RvC36/USA/2021/RPMS88	2021-XX-XX	USA	Homo sapiens	36
ON311158	C36_3	2021-01-18	USA	Homo sapiens	51
ON311160	C36_1	2021-01-05	USA	Homo sapiens	51
ON311159	C36_2	2021-01-06	USA	Homo sapiens	51
MH828520	vzhrvc4	2014-06-30	Viet Nam	Homo sapiens	None
JN541267	HRV-C36_p1093_sR548_2008	2008-12-04	USA	Homo sapiens	None
MZ438010	None	2017-XX-XX	USA	Homo sapiens	None
ON729335	SC647	2017-XX-XX	USA	Homo sapiens	34
MZ629159	RvC34/USA/2021/QQPNRW	2021-XX-XX	USA	Homo sapiens	34
MZ268723	RvC34/USA/2021/444547	2021-XX-XX	USA	Homo sapiens	34
MZ363416	RvC34/USA/2021/7HD4SF	2021-XX-XX	USA	Homo sapiens	34
MH685696	None	2013-XX-XX	Uganda	Homo sapiens	None
KM486097	Mex14 Consensus	2014-XX-XX	Mexico	Homo sapiens	None
ON311165	C20_3	2021-02-12	USA	Homo sapiens	34
ON311167	C20_1	2021-02-06	USA	Homo sapiens	34
ON311166	C20_2	2021-02-11	USA	Homo sapiens	34
MZ268718	RvC20/USA/2021/412252	2021-XX-XX	USA	Homo sapiens	20
MZ268722	RvC20/USA/2021/414373	2021-XX-XX	USA	Homo sapiens	20
MK989753	20692_83a_HRV-C	2015-08-04	Kenya	Homo sapiens	None
KY983589	SC3107	2015-XX-XX	USA	Homo sapiens	20
OL961518	RvC20/USA/2021/5AUZVQ	2021-XX-XX	USA	Homo sapiens	20
OK017948	RvC20/USA/2021/P97PQA	2021-XX-XX	USA	Homo sapiens	20
MZ427502	RvC20/USA/2021/HTJ6AG	2021-XX-XX	USA	Homo sapiens	20
MZ460711	RvC20/USA/2021/WTLVJQ	2021-XX-XX	USA	Homo sapiens	20
MZ153266	RvC20/USA/2021/95505	2021-XX-XX	USA	Homo sapiens	20
MZ629164	RvC20/USA/2021/T2CPQP	2021-XX-XX	USA	Homo sapiens	20
MZ268674	RvC20/USA/2021/WUS4L7	2021-XX-XX	USA	Homo sapiens	20
MZ221150	RvC20/USA/2021/278145	2021-XX-XX	USA	Homo sapiens	20
MZ363463	RvC20/USA/2021/VHKK8K	2021-XX-XX	USA	Homo sapiens	20
MZ221148	RvC20/USA/2021/373799-4	2021-XX-XX	USA	Homo sapiens	20
MZ268684	RvC20/USA/2021/469761	2021-XX-XX	USA	Homo sapiens	20
MZ268685	None	2021-XX-XX	USA	Homo sapiens	20
MW969516	RvC20/USA/2021/69764	2021-XX-XX	USA	Homo sapiens	20
MZ268697	RvC20/USA/2021/469862	2021-XX-XX	USA	Homo sapiens	20
OK017913	RvC20/USA/2021/6FRZAQ	2021-XX-XX	USA	Homo sapiens	20
MZ322914	RvC20/USA/2021/7Z36HC	2021-XX-XX	USA	Homo sapiens	20
MZ322912	RvC20/USA/2021/5VDGQ9	2021-XX-XX	USA	Homo sapiens	20
MZ322913	None	2021-XX-XX	USA	Homo sapiens	20
MZ153276	RvC20/USA/2021/369829-4	2021-XX-XX	USA	Homo sapiens	20
MZ268714	RvC20/USA/2021/397175	2021-XX-XX	USA	Homo sapiens	20
MZ322918	RvC20/USA/2021/396585	2021-XX-XX	USA	Homo sapiens	20
MZ460697	RvC20/USA/2021/LUYEJB	2021-XX-XX	USA	Homo sapiens	20
OK017934	RvC20/USA/2021/HD3BU5	2021-XX-XX	USA	Homo sapiens	20
MZ460703	RvC20/USA/2021/S253U4	2021-XX-XX	USA	Homo sapiens	20
MZ322930	RvC20/USA/2021/QLS49P	2021-XX-XX	USA	Homo sapiens	20
MZ460712	RvC20/USA/2021/WYEV2L	2021-XX-XX	USA	Homo sapiens	20
MW969522	RvC20/USA/2021/69385	2021-XX-XX	USA	Homo sapiens	20
MZ268671	RvC20/USA/2021/S5ZVP8	2021-XX-XX	USA	Homo sapiens	20
OK017923	RvC20/USA/2021/BSV8ZT	2021-XX-XX	USA	Homo sapiens	20
MZ153249	RvC20/USA/2021/QNWDR7	2021-XX-XX	USA	Homo sapiens	20
MZ268683	None	2021-XX-XX	USA	Homo sapiens	20
MZ460701	RvC20/USA/2021/QQB94U	2021-XX-XX	USA	Homo sapiens	20
MZ268692	None	2021-XX-XX	USA	Homo sapiens	20
MZ268687	None	2021-XX-XX	USA	Homo sapiens	20
MZ835598	RvC20/USA/2021/PZCRSZ	2021-XX-XX	USA	Homo sapiens	20
MW969519	RvC20/USA/2021/70120	2021-XX-XX	USA	Homo sapiens	20
MW969517	RvC20/USA/2021/69819	2021-XX-XX	USA	Homo sapiens	20
MW969515	RvC20/USA/2021/69636	2021-XX-XX	USA	Homo sapiens	20
MZ629107	RvC20/USA/2021/BYRST7	2021-XX-XX	USA	Homo sapiens	20
MZ460677	RvC20/USA/2021/9Q6Q34	2021-XX-XX	USA	Homo sapiens	20
MZ460690	RvC20/USA/2021/JXXTXL	2021-XX-XX	USA	Homo sapiens	20
KP282614	None	2009-05-11	Spain	Homo sapiens	54
ON311164	C27_1	2021-04-18	USA	Homo sapiens	11
MH828521	vzhrvc5	2013-03-14	Viet Nam	Homo sapiens	None
KY369877	SC1065	2016-XX-XX	USA	Homo sapiens	27
OM001344	RvC11/USA/2021/2VT7W9	2021-XX-XX	USA	Homo sapiens	11
OK254863	RvC11/USA/2021/L2PJH9	2021-XX-XX	USA	Homo sapiens	11
MZ268716	RvC11/USA/2021/398871	2021-XX-XX	USA	Homo sapiens	11
OK017910	RvC11/USA/2021/3JSQVT	2021-XX-XX	USA	Homo sapiens	11
MZ268653	RvC11/USA/2021/256231	2021-XX-XX	USA	Homo sapiens	11
MZ153268	None	2021-XX-XX	USA	Homo sapiens	11
MZ268676	RvC11/USA/2021/162800	2021-XX-XX	USA	Homo sapiens	11
MZ153285	RvC11/USA/2021/278005-4	2021-XX-XX	USA	Homo sapiens	11
MZ363429	RvC11/USA/2021/372442	2021-XX-XX	USA	Homo sapiens	11
OK649407	RvC11/USA/2021/M9Y627	2021-XX-XX	USA	Homo sapiens	11
MZ540954	RvC11/USA/2021/YM2DZ4	2021-XX-XX	USA	Homo sapiens	11
MZ460698	RvC11/USA/2021/N349SV	2021-XX-XX	USA	Homo sapiens	11
MZ268689	None	2021-XX-XX	USA	Homo sapiens	11
MW969518	RvC11/USA/2021/69843	2021-XX-XX	USA	Homo sapiens	11
MZ268738	RvC11/USA/2021/U6TZ45	2021-XX-XX	USA	Homo sapiens	11
MZ363417	RvC11/USA/2021/8LKX6G	2021-XX-XX	USA	Homo sapiens	11
MZ268659	RvC11/USA/2021/303141	2021-XX-XX	USA	Homo sapiens	11
MZ153283	RvC11/USA/2021/367874-4	2021-XX-XX	USA	Homo sapiens	11
MZ268696	None	2021-XX-XX	USA	Homo sapiens	11
MW969520	RvC11/USA/2021/71514	2021-XX-XX	USA	Homo sapiens	11
MZ540951	RvC11/USA/2021/X7HR9N	2021-XX-XX	USA	Homo sapiens	11
MZ460685	RvC11/USA/2021/BJCMLC	2021-XX-XX	USA	Homo sapiens	11
MZ460709	RvC11/USA/2021/W6UJZT	2021-XX-XX	USA	Homo sapiens	11
MZ629106	RvC11/USA/2021/77KVU4	2021-XX-XX	USA	Homo sapiens	11
MZ460683	RvC11/USA/2021/AMBYGX	2021-XX-XX	USA	Homo sapiens	11
MZ221149	RvC11/USA/2021/372618-4	2021-XX-XX	USA	Homo sapiens	11
MZ268702	RvC11/USA/2021/2TL76C	2021-XX-XX	USA	Homo sapiens	11
MZ363430	RvC11/USA/2021/397239	2021-XX-XX	USA	Homo sapiens	11
MZ268679	RvC11/USA/2021/163548	2021-XX-XX	USA	Homo sapiens	11
MZ153284	RvC11/USA/2021/323706-4	2021-XX-XX	USA	Homo sapiens	11
OK649422	RvC11/USA/2021/WL4LFZ	2021-XX-XX	USA	Homo sapiens	11
MZ322922	RvC11/USA/2021/EAVM2E	2021-XX-XX	USA	Homo sapiens	11
MZ322928	RvC11/USA/2021/NE9HDM	2021-XX-XX	USA	Homo sapiens	11
MZ268707	RvC11/USA/2021/498C5V	2021-XX-XX	USA	Homo sapiens	11
MZ363469	RvC11/USA/2021/ZNB3VB	2021-XX-XX	USA	Homo sapiens	11
OK017927	RvC11/USA/2021/CPESRU	2021-XX-XX	USA	Homo sapiens	11
MZ268686	None	2021-XX-XX	USA	Homo sapiens	11
MW969521	RvC11/USA/2021/69768	2021-XX-XX	USA	Homo sapiens	11
MN163127	HRVC11/08/ZJ/CHN/2017	2017-03-29	China	Homo sapiens	11
MZ268710	RvC11/USA/2021/045373	2021-XX-XX	USA	Homo sapiens	11
MZ153255	RvC11/USA/2021/2FWR4	2021-XX-XX	USA	Homo sapiens	11
MH685698	None	2013-XX-XX	Uganda	Homo sapiens	None
EU840952	CL-170085	2008-04-XX	Switzerland	Homo sapiens	11
OM001465	RvC11/USA/2021/XB3862	2021-XX-XX	USA	Homo sapiens	11
OK254853	RvC11/USA/2021/EC3MTA	2021-XX-XX	USA	Homo sapiens	11
MZ629171	RvC11/USA/2021/VXVRZL	2021-XX-XX	USA	Homo sapiens	11
OK017944	RvC11/USA/2021/N2VNU5	2021-XX-XX	USA	Homo sapiens	11
MZ363458	RvC11/USA/2021/TLA26P	2021-XX-XX	USA	Homo sapiens	11
MZ363462	RvC11/USA/2021/VDNWYA	2021-XX-XX	USA	Homo sapiens	11
MZ153244	RvC11/USA/2021/QZWH6	2021-XX-XX	USA	Homo sapiens	11
MZ363441	RvC11/USA/2021/CU6WWX	2021-XX-XX	USA	Homo sapiens	11
KY369880	SC261	2016-XX-XX	USA	Homo sapiens	None
KY369882	SC9795	2016-XX-XX	USA	Homo sapiens	None
EF582386	025	2022-02-01	Hong Kong	None	5
KY624849	None	2013-03-11	Uganda	Pan troglodytes schweinfurthii	None
JN837686	HRV-C45_p1084_s3920_2000	2000-XX-XX	USA	Homo sapiens	None
JN837691	HRV-C05_p1195_sR2110_2009	2009-05-09	USA	Homo sapiens	None
MH828517	vzhrvc1	2014-04-10	Viet Nam	Homo sapiens	None
OK649391	RvC9/USA/2021/GAS3WT	2021-XX-XX	USA	Homo sapiens	9
OL133756	RvC9/USA/2021/TGS3H5	2021-XX-XX	USA	Homo sapiens	9
MZ363422	RvC9/USA/2021/96D92H	2021-XX-XX	USA	Homo sapiens	9
GQ223228	None	2007-06-14	China	Homo sapiens	9
LC428175	C9-NIID JPN-2015	2015-09-24	Japan	Homo sapiens	None
MZ363457	RvC26/USA/2021/SVTSZJ	2021-XX-XX	USA	Homo sapiens	26
MF775367	USA/2015-20994	2015-10-09	USA	Homo sapiens	53
KY369879	SC983	2016-XX-XX	USA	Homo sapiens	None
LC428176	C53-NIID JPN-2015	2015-01-13	Japan	Homo sapiens	None
MK989749	20692_18_HRV-C	2015-10-15	Kenya	Homo sapiens	None
MK989756	20692_93_HRV-C	2015-09-26	Kenya	Homo sapiens	None
KU695562	UT-I	2013-XX-XX	USA	Homo sapiens	None
MK989758	20693_83_HRV-C	2010-03-05	Kenya	Homo sapiens	None
MK989759	20693_86_HRV-C	2010-04-07	Kenya	Homo sapiens	None
MF775366	USA/CO/2014-20993	2014-08-13	USA	Homo sapiens	53
ON311168	C19_1	2020-03-06	USA	Homo sapiens	19
MH685694	None	2013-XX-XX	Uganda	Homo sapiens	None
MN369038	SC9849	2018-XX-XX	USA	Homo sapiens	19
MK989748	20692_6_HRV-C	2015-09-23	Kenya	Homo sapiens	None
GU568096	None	2007-10-XX	China	Homo sapiens	None
NM_001301161	None	2022-09-25	None	None	None
NM_152750	None	2022-09-25	None	None	None
